[
  {
    "id": "00d5fb8b-e7c5-439f-a5a9-b018f8dedc95",
    "data": [
      {
        "text": "Accommodation in ",
        "userDefined": false
      },
      {
        "text": "PAU",
        "userDefined": false
      }
    ],
    "isTemplate": false,
    "count": 0,
    "lang": "en",
    "updated": 0
  },
  {
    "id": "2c54bdf7-19fd-4ebd-9bc3-1cb2b05d2f1e",
    "data": [
      {
        "text": "Hostels",
        "userDefined": false
      }
    ],
    "isTemplate": false,
    "count": 0,
    "lang": "en",
    "updated": 0
  },
  {
    "id": "77f22c7d-e27a-4a2d-9ced-6f28f9e0f6b3",
    "data": [
      {
        "text": "accommodation",
        "userDefined": false
      }
    ],
    "isTemplate": false,
    "count": 0,
    "lang": "en",
    "updated": 0
  }
]