[
  {
    "id": "bec1fd4d-9b5d-44a0-9009-61c0ae079826",
    "data": [
      {
        "text": "Apply to ",
        "userDefined": false
      },
      {
        "text": "PAU",
        "userDefined": false
      }
    ],
    "isTemplate": false,
    "count": 0,
    "lang": "en",
    "updated": 0
  },
  {
    "id": "769af17c-e9f2-4661-9351-edca234e5f43",
    "data": [
      {
        "text": "Apply",
        "userDefined": false
      }
    ],
    "isTemplate": false,
    "count": 0,
    "lang": "en",
    "updated": 0
  }
]