[
  {
    "id": "916db830-46d0-4f1a-8432-7539c5093c03",
    "data": [
      {
        "text": "can I ask a question?",
        "userDefined": false
      }
    ],
    "isTemplate": false,
    "count": 0,
    "lang": "en",
    "updated": 0
  },
  {
    "id": "3deb1d98-df84-40b4-a228-d2cd42b01549",
    "data": [
      {
        "text": "ask",
        "userDefined": false
      }
    ],
    "isTemplate": false,
    "count": 0,
    "lang": "en",
    "updated": 0
  },
  {
    "id": "e39af996-7564-48c1-882d-3a06241a8ac8",
    "data": [
      {
        "text": "Ask Question",
        "userDefined": false
      }
    ],
    "isTemplate": false,
    "count": 0,
    "lang": "en",
    "updated": 0
  }
]