[
  {
    "id": "4ebc6fa9-cae6-4e34-9741-53cb2903ab3e",
    "data": [
      {
        "text": "Book ",
        "userDefined": false
      },
      {
        "text": "Lekki",
        "userDefined": false
      }
    ],
    "isTemplate": false,
    "count": 0,
    "lang": "en",
    "updated": 0
  },
  {
    "id": "58c8b2b7-b380-4e90-b3d9-158ec92f5ed2",
    "data": [
      {
        "text": "Book ",
        "userDefined": false
      },
      {
        "text": "Lekki",
        "userDefined": false
      },
      {
        "text": " Campus Tour",
        "userDefined": false
      }
    ],
    "isTemplate": false,
    "count": 0,
    "lang": "en",
    "updated": 0
  }
]