[
  {
    "id": "881b9cd9-8f3c-4355-aee6-90865f2fe6c2",
    "data": [
      {
        "text": "courses",
        "userDefined": false
      }
    ],
    "isTemplate": false,
    "count": 0,
    "lang": "en",
    "updated": 0
  },
  {
    "id": "478e4c22-a3a3-4f8e-b73e-9efe1de3a005",
    "data": [
      {
        "text": "What courses do you offer",
        "userDefined": false
      }
    ],
    "isTemplate": false,
    "count": 0,
    "lang": "en",
    "updated": 0
  },
  {
    "id": "819a23d2-101f-4bd6-b8e5-ed02d4846f0b",
    "data": [
      {
        "text": "Applying for courses",
        "userDefined": false
      }
    ],
    "isTemplate": false,
    "count": 0,
    "lang": "en",
    "updated": 0
  },
  {
    "id": "8ace691f-b760-475f-a288-6fb0d277b723",
    "data": [
      {
        "text": "Courses to apply",
        "userDefined": false
      }
    ],
    "isTemplate": false,
    "count": 0,
    "lang": "en",
    "updated": 0
  }
]