[
  {
    "id": "e9c78451-18a6-45c9-ac06-fb9e36330be5",
    "data": [
      {
        "text": "bye",
        "userDefined": false
      }
    ],
    "isTemplate": false,
    "count": 0,
    "lang": "en",
    "updated": 0
  },
  {
    "id": "34f3009f-5757-473e-8c69-95597e047df5",
    "data": [
      {
        "text": "stop",
        "userDefined": false
      }
    ],
    "isTemplate": false,
    "count": 0,
    "lang": "en",
    "updated": 0
  },
  {
    "id": "a2b6928b-4eb3-41f4-80ac-10bb8dd48708",
    "data": [
      {
        "text": "end",
        "userDefined": false
      }
    ],
    "isTemplate": false,
    "count": 0,
    "lang": "en",
    "updated": 0
  },
  {
    "id": "08dc2b36-e607-4bbe-8df1-efc5a82891ed",
    "data": [
      {
        "text": "call it a day",
        "userDefined": false
      }
    ],
    "isTemplate": false,
    "count": 0,
    "lang": "en",
    "updated": 0
  },
  {
    "id": "980b8a62-640b-49f8-83b2-ee08311639ee",
    "data": [
      {
        "text": "done",
        "userDefined": false
      }
    ],
    "isTemplate": false,
    "count": 0,
    "lang": "en",
    "updated": 0
  },
  {
    "id": "e5d44151-fdd6-42e5-9987-f70366d865d7",
    "data": [
      {
        "text": "I\u0027m good",
        "userDefined": false
      }
    ],
    "isTemplate": false,
    "count": 0,
    "lang": "en",
    "updated": 0
  }
]