[
  {
    "id": "baf8c44f-bdc5-4be3-9ab6-6f3c7e60b36e",
    "data": [
      {
        "text": "hey ",
        "userDefined": false
      },
      {
        "text": "Jasmine",
        "userDefined": false
      }
    ],
    "isTemplate": false,
    "count": 0,
    "lang": "en",
    "updated": 0
  },
  {
    "id": "e40a9f67-a59f-445a-9be6-f86c9cbdc2e9",
    "data": [
      {
        "text": "Hi ",
        "userDefined": false
      },
      {
        "text": "Jasmine",
        "userDefined": false
      }
    ],
    "isTemplate": false,
    "count": 0,
    "lang": "en",
    "updated": 0
  },
  {
    "id": "02ff0599-5b71-496e-ad56-940197d6f095",
    "data": [
      {
        "text": "hi",
        "userDefined": false
      }
    ],
    "isTemplate": false,
    "count": 1,
    "lang": "en",
    "updated": 0
  },
  {
    "id": "1af26dbb-6481-4de0-a86a-b229222e501d",
    "data": [
      {
        "text": "Hello!",
        "userDefined": false
      }
    ],
    "isTemplate": false,
    "count": 0,
    "lang": "en",
    "updated": 0
  }
]