[
  {
    "id": "c59cf2fe-92fa-49a5-a60c-862e00b3bc70",
    "data": [
      {
        "text": "SMC",
        "userDefined": false
      }
    ],
    "isTemplate": false,
    "count": 0,
    "lang": "en",
    "updated": 0
  },
  {
    "id": "824847ad-f540-41cc-a21d-4f28c3a97cb0",
    "data": [
      {
        "text": "School",
        "userDefined": false
      },
      {
        "text": " of Media And Communication",
        "userDefined": false
      }
    ],
    "isTemplate": false,
    "count": 0,
    "lang": "en",
    "updated": 0
  }
]