[
  {
    "id": "65c6ddb5-60d7-46bb-874a-4b03b0a3068b",
    "data": [
      {
        "text": "SST",
        "userDefined": false
      }
    ],
    "isTemplate": false,
    "count": 0,
    "lang": "en",
    "updated": 0
  },
  {
    "id": "e776dd30-8e49-4a40-a045-4556f2de6396",
    "data": [
      {
        "text": "School",
        "userDefined": false
      },
      {
        "text": " Of Science and Technology",
        "userDefined": false
      }
    ],
    "isTemplate": false,
    "count": 0,
    "lang": "en",
    "updated": 0
  }
]