[
  {
    "id": "9568df71-1884-4585-b0b2-abff7e0fb72f",
    "data": [
      {
        "text": "Book tour",
        "userDefined": false
      }
    ],
    "isTemplate": false,
    "count": 0,
    "lang": "en",
    "updated": 0
  },
  {
    "id": "f3be566f-47b1-43b6-a108-776815208d80",
    "data": [
      {
        "text": "No, re-book me!",
        "userDefined": false
      }
    ],
    "isTemplate": false,
    "count": 0,
    "lang": "en",
    "updated": 0
  },
  {
    "id": "c271901b-af40-4db6-b326-aa831e4286f7",
    "data": [
      {
        "text": "tour",
        "userDefined": false
      }
    ],
    "isTemplate": false,
    "count": 1,
    "lang": "en",
    "updated": 0
  }
]